{
  "population_total": 330293420.0,
  "weighted_median_income": 80064.08188543441,
  "weighted_poverty_rate": 12.711765928737725,
  "weighted_owner_occupied_rate": 61.238265756239706,
  "weighted_median_age": 38.30409076072383
}