name,vertex_count,face_count,cleanup_seconds,smoothing_seconds,simplification_seconds,slicing_seconds,total_seconds,peak_memory_mb,simplified_vertices,simplified_faces,layer_count
cube,9,13,0.001139195999940057,0.0005651839999245567,0.0009204440000303293,0.008246888999792645,0.01347305000012966,0.03122425079345703,8,12,4
bracket,12,21,0.0008708779998869431,0.0007793649999712216,0.001007646999823919,0.013252334000071642,0.018112593000068955,0.039638519287109375,12,20,4
wave_panel,625,1152,0.0053955519999817625,0.039301201000171204,0.026234775000148147,0.040315179000117496,0.11669103600002018,0.5485992431640625,529,968,2
